{
  "theta0": 7990.866013397061,
  "theta1": -4610.2051096833275,
  "normalization": {
    "min": 22899.0,
    "max": 240000.0
  }
}